"sr_no","transaction_scheme_name","txn_count","correct_scheme_code","notes"
"1","Kotak Multicap Fund (G)","174","",""
"2","ICICI Pru MNC Fund Reg (G)","172","",""
"3","Parag Parikh Flexi Cap Fund Reg (G)","129","",""
"4","Canara Robeco Consumer Trends Fund Reg.plan (G)","122","",""
"5","ICICI Pru Smallcap Fund Reg (G)","115","",""
"6","Tata Multi Asset Allocation Fund Reg (G)","85","",""
"7","ICICI Pru Banking and Financial Services Fund Reg (G)","81","",""
"8","ICICI Pru Regular Gold Savings Reg (G)","79","",""
"9","PGIM India Small Cap Fund Reg (G)","75","",""
"10","SBI Banking & Financial Services Fund Reg (G)","74","",""
"11","Quant Small Cap Fund (G)","73","",""
"12","Quant Multi Asset Allocation Fund (G)","72","",""
"13","SBI Large & Midcap Fund Reg (G)","72","",""
"14","ICICI Pru MidCap Fund (G)","71","",""
"15","Parag Parikh ELSS Tax Saver Fund (G)","70","",""
"16","Canara Robeco Small Cap Fund Reg (G)","69","",""
"17","UTI Flexi Cap Fund Reg (G)","65","",""
"18","ICICI Pru Focused Equity Fund Reg (G)","65","",""
"19","ICICI Pru Thematic Advantage Fund (FOF) (G)","65","",""
"20","Edelweiss Focused Fund Reg (G)","64","",""
"21","Axis Gold Fund (G)","53","",""
"22","WhiteOak Capital Multi Asset Allocation Fund Reg (G)","52","",""
"23","ICICI Pru Flexicap Fund Reg (G)","51","",""
"24","UTI Multi Asset Allocation Fund Reg (G)","46","",""
"25","ICICI Pru Innovation Fund Reg (G)","45","",""
"26","Tata Smallcap Fund Reg (G)","43","",""
"27","Union Small Cap Fund Reg (G)","42","",""
"28","ICICI Pru Multi Asset Fund (G)","42","",""
"29","SBI Focused Equity Fund Reg (G)","42","",""
"30","SBI Small Cap Fund Reg (G)","42","",""
"31","JM Small Cap Fund Reg (G)","39","",""
"32","Axis Value Fund Reg (G)","39","",""
"33","Union Value Fund (G)","38","",""
"34","Canara Robeco Large and Mid Cap Fund Reg (G)","37","",""
"35","PGIM India Midcap Fund Reg (G)","36","",""
"36","ICICI Pru Equity & Debt Fund (G)","35","",""
"37","Axis Ultra Short Duration Fund Reg (G)","34","",""
"38","ICICI Pru Technology Fund (G)","34","",""
"39","Axis Small Cap Fund Reg (G)","34","",""
"40","ICICI Pru India Opportunities Fund (G)","33","",""
"41","ICICI Pru Pharma Healthcare And Diagnostics Fund (G)","32","",""
"42","WhiteOak Capital Flexi Cap Fund (G)","29","",""
"43","Union Innovation & Opportunities Fund Reg (G)","27","",""
"44","Canara Robeco Infrastructure Fund Reg (G)","27","",""
"45","Kotak Banking & Financial Services Fund Reg (G)","27","",""
"46","ICICI Pru Multicap Fund Reg (G)","27","",""
"47","Tata Mid Cap Fund Reg (G)","24","",""
"48","Helios Flexi Cap Fund Reg (G)","24","",""
"49","Quant MidCap Fund (G)","24","",""
"50","Kotak Manufacture in India Fund Reg (G)","22","",""
"51","Axis Midcap Fund (G)","22","",""
"52","Mahindra Manulife Focused Fund Reg (G)","22","",""
"53","Kotak Smallcap Fund (G)","21","",""
"54","ICICI Pru All Seasons Bond Fund (G)","19","",""
"55","Helios Balanced Advantage Fund Reg (G)","19","",""
"56","WhiteOak Capital Balanced Advantage Fund Reg (G)","18","",""
"57","Axis Large Cap Fund (G)","18","",""
"58","Kotak Focused Equity Fund (G)","18","",""
"59","DSP Natural Resources & New Energy Reg (G)","15","",""
"60","WhiteOak Capital ELSS Tax Saver Fund Reg (G)","15","",""
"61","HDFC Large And Mid Cap Fund Reg (G)","14","",""
"62","Axis Flexi cap Fund (G)","14","",""
"63","ICICI Pru Housing Opp Fund (G)","13","",""
"64","ICICI Pru Asset Allocator Fund (FOF) (G)","13","",""
"65","ICICI Pru Business Cycle Fund Reg (G)","11","",""
"66","Helios Large & Mid Cap Fund Reg (G)","11","",""
"67","Axis ESG Integration Strategy Fund Reg (G)","11","",""
"68","WhiteOak Capital Large & Mid Cap Fund Reg (G)","11","",""
"69","Quant Large and Mid Cap Fund (G)","11","",""
"70","Edelweiss Technology Fund Reg (G)","10","",""
"71","Axis Aggressive Hybrid Fund (G)","10","",""
"72","Axis Treasury Advantage Fund (G)","9","",""
"73","ICICI Pru Savings Fund (G)","9","",""
"74","Quant Absolute Fund (G)","9","",""
"75","Parag Parikh Liquid Fund (G)","9","",""
"76","Quant Liquid Fund (G)","9","",""
"77","Axis ELSS Tax Saver Fund (G)","8","",""
"78","WhiteOak Capital Mid Cap Fund Reg (G)","8","",""
"79","Axis Focused Fund Reg (G)","8","",""
"80","ICICI Pru Floating Interest Fund (G)","7","",""
"81","JM Liquid Fund (G)","7","",""
"82","Edelweiss Money Market Fund Reg (G)","6","",""
"83","WhiteOak Capital Liquid Fund (G)","6","",""
"84","ICICI Pru Ultra Short Term Fund Reg (G)","6","",""
"85","Edelweiss Mid Cap Fund Reg (G)","6","",""
"86","Kotak Equity Arbitrage Fund (G)","5","",""
"87","Mahindra Manulife Aggressive Hybrid Fund (G)","5","",""
"88","Edelweiss Arbitrage Fund Reg (G)","5","",""
"89","Kotak Focused Fund (G)","5","",""
"90","Helios Overnight Fund Reg (G)","5","",""
"91","Edelweiss Small Cap Fund (G)","5","",""
"92","ICICI Pru Regular Savings Fund (G)","5","",""
"93","Edelweiss Liquid Fund Reg (G)","4","",""
"94","Union Money Market Fund (G)","4","",""
"95","ICICI Pru FMCG Fund (G)","4","",""
"96","Canara Robeco Short Duration Fund Reg (G)","4","",""
"97","Mahindra Manulife Multi Asset Allocation Fund Reg (G)","4","",""
"98","UTI Ultra Short Duration Fund (G)","4","",""
"99","Edelweiss Aggressive Hybrid Fund (G)","4","",""
"100","PGIM India Flexi Cap Fund (G)","4","",""
"101","Bandhan Liquid Fund Reg (G)","4","",""
"102","ICICI Pru PSU Equity Fund Reg (G)","4","",""
"103","SBI Magnum Medium Duration Fund Reg (G)","4","",""
"104","Axis Multi Cap Fund Reg (G)","4","",""
"105","UTI Liquid Fund Reg (G)","4","",""
"106","Franklin India Prima Fund (G)","3","",""
"107","Mahindra Manulife Low Duration Fund Reg (G)","3","",""
"108","Union Large & MidCap Fund (G)","3","",""
"109","ICICI Pru ELSS Tax Saver Fund Reg (G)","3","",""
"110","Edelweiss Consumption Fund (G)","3","",""
"111","Canara Robeco Ultra Short Term Fund Reg.plan (G)","3","",""
"112","Axis Multi Asset Allocation Fund Reg (G)","3","",""
"113","SBI Gold Fund Reg (G)","3","",""
"114","Canara Robeco Manufacturing Fund Reg (G)","3","",""
"115","Aditya Birla SL Nifty India Defence Index Fund Reg (G)","3","",""
"116","Mahindra Manulife Balanced Advantage Fund Reg (G)","3","",""
"117","ICICI Pru Liquid Fund (G)","3","",""
"118","PGIM India Global Equity Opportunities FoF (G)","3","",""
"119","Bandhan Multi Asset Allocation Fund Reg (G)","3","",""
"120","Edelweiss Flexi Cap Fund Reg (G)","3","",""
"121","Tata Multicap Fund Reg (G)","3","",""
"122","WhiteOak Capital Arbitrage Fund Reg (G)","3","",""
"123","Kotak Savings Fund (G)","2","",""
"124","SBI Savings Fund Reg (G)","2","",""
"125","Canara Robeco Equity Hybrid Fund Reg (G)","2","",""
"126","Tata Ultra Short Term Fund (G)","2","",""
"127","HDFC Ultra Short Term Fund Reg (G)","2","",""
"128","ICICI Pru Debt Management Fund (G)","2","",""
"129","ICICI Pru Banking and PSU Debt Fund Reg (G)","2","",""
"130","Helios Financial Services Fund Reg (G)","2","",""
"131","Axis Money Market Fund (G)","2","",""
"132","Axis Dynamic Bond Fund (G)","2","",""
"133","PGIM India Ultra Short Duration Fund (G)","2","",""
"134","SBI Equity Savings Fund Reg (G)","2","",""
"135","SBI Consumption Opportunities Fund (G)","2","",""
"136","ICICI Pru Nifty Pharma Index Fund Reg (G)","2","",""
"137","UTI Arbitrage Fund (G)","2","",""
"138","Edelweiss Multi Cap Fund Reg (G)","2","",""
"139","Quant Dynamic Asset Allocation Fund Reg (G)","2","",""
"140","PGIM India Liquid Fund (G)","2","",""
"141","ICICI Pru Bharat Consumption Fund (G)","2","",""
"142","ICICI Pru Money Market Fund Reg (G)","2","",""
"143","WhiteOak Capital Ultra Short Duration Fund (G)","2","",""
"144","Axis Arbitrage Fund (G)","2","",""
"145","ICICI Pru Short Term Fund (G)","2","",""
"146","Edelweiss Nifty500 Multicap Momentum Quality 50 Index Fund Reg (G)","2","",""
"147","Canara Robeco Value Fund Reg (G)","1","",""
"148","Tata Business Cycle Fund Reg (G)","1","",""
"149","ICICI Pru Manufacturing Fund Reg (G)","1","",""
"150","Canara Robeco Large Cap Fund (G)","1","",""
"151","DSP Gold E T F Fund of Fund Reg (G)","1","",""
"152","Bandhan Business Cycle Fund Reg (G)","1","",""
"153","WhiteOak Capital Banking & Financial Services Fund Reg (G)","1","",""
"154","Axis Overnight Fund (G)","1","",""
"155","Union Balanced Advantage Fund (G)","1","",""
"156","Kotak Arbitrage Fund (G)","1","",""
"157","ICICI Pru Passive Multi Asset Fund OF Fund (G)","1","",""
"158","Union MidCap Fund Reg (G)","1","",""
"159","PGIM India Large and Mid Cap Fund Reg (G)","1","",""
"160","Mahindra Manulife Ultra Short Duration Fund Reg (G)","1","",""
"161","Bandhan Arbitrage Fund Reg (G)","1","",""
"162","JM Aggressive Hybrid Fund (G)","1","",""
"163","Helios Mid Cap Fund Reg (G)","1","",""
"164","Union Multi Asset Allocation Fund Reg (G)","1","",""
"165","HDFC Mid Cap Fund (G)","1","",""
"166","Nippon India Gold Savings Fund (G)","1","",""
"167","HDFC Multi Asset Fund (G)","1","",""
"168","Axis Liquid Fund (G)","1","",""
"169","Old Bridge Focused Fund Reg (G)","1","",""
